Tokyo,Japan
Jakarta,Indonesia
Delhi,India
Seoul,South Korea
Manila,Philippines
Shanghai,China
Karachi,Pakistan
New York,United States
Mexico City,Mexico
Sao Paulo,Brazil
Beijing,China
Guangzhou,China
Mumbai,India
Osaka,Japan
Moscow,Russia
Los Angeles,United States
Cairo,Egypt
Bangkok,Thailand
Kolkata,India
Dhaka,Bangladesh
Buenos Aires,Argentina
Tehran,Iran
Istanbul,Turkey
Shenzhen,China
Lagos,Nigeria
Rio de Janeiro,Brazil
Paris,France
Nagoya,Japan
London,United Kingdom
Kinshasa,Congo (Dem. Rep.)
Lima,Peru
Tianjin,China
Chennai,India
Bangalore,India
Chicago,United States
Ho Chi Minh City,Viet Nam
Chengdu,China
Dongguan,China
Hyderabad,India
Lahore,Pakistan
Bogota,Colombia
Johannesburg,South Africa
Wuhan,China
Taipei,China
Hong Kong,China
Ahmedabad,India
Chongqing,China
Hangzhou,China
Essen,Germany
Kuala Lumpur,Malaysia
Baghdad,Iraq
Toronto,Canada
Santiago,Chile
Madrid,Spain
Dallas,United States
Quanzhou,China
San Francisco,United States
Nanjing,China
Miami,United States
Shenyang,China
Bandung,Indonesia
Luanda,Angola
Houston,United States
Philadelphia,United States
Xi'an,China
Singapore,Singapore
Qingdao,China
Pune,India
Milan,Italy
Riyadh,Saudi Arabia
St. Petersburg,Russia
Khartoum,Sudan
Surabaya,Indonesia
Surat,India
Atlanta,United States
Washington,United States
Abidjan,Ivory Coast
Yangon,Myanmar
Barcelona,Spain
Nairobi,Kenya
Harbin,China
Alexandria,Egypt
Suzhou,China
Boston,United States
Belo Horizonte,Brazil
Guadalajara,Mexico
Ankara,Turkey
Zhengzhou,China
Accra,Ghana
Phoenix,United States
Berlin,Germany
Medan,Indonesia
Sydney,Australia
Busan,South Korea
Kuwait,Kuwait
Dar es Salaam,Tanzania
Monterey,Mexico
Dalian,China
Rome,Italy
Melbourne,Australia